week_start,site,shift,tickets,breaches,breach_rate,average_response_minutes,estimated_credit_cost_inr
2024-12-30,Bengaluru,Day,12,0,0.0,37.5,0
2024-12-30,Bengaluru,Morning,10,0,0.0,22.0,0
2024-12-30,Indore,Day,1,0,0.0,95.0,0
2024-12-30,Indore,Morning,4,0,0.0,59.25,0
2024-12-30,Indore,Night,4,0,0.0,97.5,0
2025-01-06,Bengaluru,Day,20,1,5.0,51.8,350
2025-01-06,Bengaluru,Morning,15,0,0.0,55.86666666666667,0
2025-01-06,Indore,Day,1,0,0.0,6.0,0
2025-01-06,Indore,Morning,5,0,0.0,53.0,0
2025-01-06,Indore,Night,9,2,22.22,200.33333333333334,700
2025-01-13,Bengaluru,Day,25,2,8.0,67.76,700
2025-01-13,Bengaluru,Morning,21,2,9.52,90.0,700
2025-01-13,Indore,Day,2,2,100.0,700.0,700
2025-01-13,Indore,Morning,3,1,33.33,7.666666666666667,350
2025-01-13,Indore,Night,7,1,14.29,99.71428571428571,350
2025-01-20,Bengaluru,Day,31,1,3.23,50.193548387096776,350
2025-01-20,Bengaluru,Morning,22,3,13.64,152.04545454545453,1050
2025-01-20,Indore,Day,5,0,0.0,31.2,0
2025-01-20,Indore,Morning,10,1,10.0,23.3,350
2025-01-20,Indore,Night,12,2,16.67,170.66666666666666,700
2025-01-27,Bengaluru,Day,26,1,3.85,120.34615384615384,350
2025-01-27,Bengaluru,Morning,26,4,15.38,84.3076923076923,1400
2025-01-27,Indore,Day,1,0,0.0,8.0,0
2025-01-27,Indore,Morning,9,0,0.0,90.11111111111111,0
2025-01-27,Indore,Night,10,1,10.0,138.6,350
2025-02-03,Bengaluru,Day,28,5,17.86,67.07142857142857,1750
2025-02-03,Bengaluru,Morning,28,6,21.43,187.78571428571428,2100
2025-02-03,Indore,Day,5,1,20.0,140.6,350
2025-02-03,Indore,Morning,12,2,16.67,101.41666666666667,700
2025-02-03,Indore,Night,12,2,16.67,171.33333333333334,700
2025-02-10,Bengaluru,Day,29,2,6.9,81.65517241379311,700
2025-02-10,Bengaluru,Morning,32,6,18.75,88.28125,2100
2025-02-10,Indore,Day,2,0,0.0,35.0,0
2025-02-10,Indore,Morning,10,0,0.0,5.5,0
2025-02-10,Indore,Night,10,1,10.0,115.3,350
2025-02-17,Bengaluru,Day,38,3,7.89,95.15789473684211,1050
2025-02-17,Bengaluru,Morning,31,4,12.9,87.2258064516129,1400
2025-02-17,Indore,Day,2,0,0.0,124.0,0
2025-02-17,Indore,Morning,19,3,15.79,73.0,1050
2025-02-17,Indore,Night,8,0,0.0,118.875,0
2025-02-24,Bengaluru,Day,45,2,4.44,75.57777777777778,700
2025-02-24,Bengaluru,Morning,24,3,12.5,100.83333333333333,1050
2025-02-24,Indore,Day,2,0,0.0,33.0,0
2025-02-24,Indore,Morning,15,1,6.67,66.93333333333334,350
2025-02-24,Indore,Night,8,1,12.5,66.625,350
2025-03-03,Bengaluru,Day,36,1,2.78,67.38888888888889,350
2025-03-03,Bengaluru,Morning,29,4,13.79,143.3793103448276,1400
2025-03-03,Indore,Day,1,0,0.0,0.0,0
2025-03-03,Indore,Morning,9,1,11.11,77.55555555555556,350
2025-03-03,Indore,Night,11,0,0.0,155.45454545454547,0
2025-03-10,Bengaluru,Day,41,1,2.44,83.97560975609755,350
2025-03-10,Bengaluru,Morning,37,4,10.81,118.54054054054055,1400
2025-03-10,Indore,Day,3,0,0.0,15.333333333333334,0
2025-03-10,Indore,Morning,11,3,27.27,55.72727272727273,1050
2025-03-10,Indore,Night,9,1,11.11,180.33333333333334,350
2025-03-17,Bengaluru,Day,36,2,5.56,138.13888888888889,700
2025-03-17,Bengaluru,Morning,33,5,15.15,145.6060606060606,1750
2025-03-17,Indore,Day,1,0,0.0,4.0,0
2025-03-17,Indore,Morning,11,2,18.18,95.0,700
2025-03-17,Indore,Night,7,1,14.29,80.85714285714286,350
2025-03-24,Bengaluru,Day,29,0,0.0,58.03448275862069,0
2025-03-24,Bengaluru,Morning,34,4,11.76,143.08823529411765,1400
2025-03-24,Indore,Day,2,0,0.0,3.0,0
2025-03-24,Indore,Morning,15,2,13.33,84.46666666666667,700
2025-03-24,Indore,Night,6,0,0.0,135.16666666666666,0
2025-03-31,Bengaluru,Day,38,5,13.16,91.02631578947368,1750
2025-03-31,Bengaluru,Morning,34,3,8.82,227.91176470588235,1050
2025-03-31,Indore,Day,4,1,25.0,45.75,350
2025-03-31,Indore,Morning,18,1,5.56,100.55555555555556,350
2025-03-31,Indore,Night,10,1,10.0,86.7,350
2025-04-07,Bengaluru,Day,27,2,7.41,61.370370370370374,700
2025-04-07,Bengaluru,Morning,25,2,8.0,109.72,700
2025-04-07,Indore,Day,6,1,16.67,96.16666666666667,350
2025-04-07,Indore,Morning,17,0,0.0,11.352941176470589,0
2025-04-07,Indore,Night,12,2,16.67,311.6666666666667,700
2025-04-14,Bengaluru,Day,37,6,16.22,125.29729729729729,2100
2025-04-14,Bengaluru,Morning,25,4,16.0,169.6,1400
2025-04-14,Indore,Day,1,0,0.0,35.0,0
2025-04-14,Indore,Morning,9,1,11.11,73.44444444444444,350
2025-04-14,Indore,Night,11,2,18.18,61.09090909090909,700
2025-04-21,Bengaluru,Day,32,0,0.0,47.28125,0
2025-04-21,Bengaluru,Morning,39,3,7.69,115.28205128205128,1050
2025-04-21,Indore,Day,5,0,0.0,56.6,0
2025-04-21,Indore,Morning,14,3,21.43,101.14285714285714,1050
2025-04-21,Indore,Night,10,0,0.0,50.7,0
2025-04-28,Bengaluru,Day,38,1,2.63,69.57894736842105,350
2025-04-28,Bengaluru,Morning,44,4,9.09,82.54545454545455,1400
2025-04-28,Indore,Day,5,1,20.0,49.0,350
2025-04-28,Indore,Morning,17,0,0.0,83.17647058823529,0
2025-04-28,Indore,Night,10,1,10.0,141.3,350
2025-05-05,Bengaluru,Day,34,4,11.76,123.97058823529412,1400
2025-05-05,Bengaluru,Morning,40,0,0.0,90.7,0
2025-05-05,Indore,Day,3,0,0.0,136.33333333333334,0
2025-05-05,Indore,Morning,7,0,0.0,12.285714285714286,0
2025-05-05,Indore,Night,14,2,14.29,156.64285714285714,700
2025-05-12,Bengaluru,Day,32,3,9.38,78.84375,1050
2025-05-12,Bengaluru,Morning,24,3,12.5,61.416666666666664,1050
2025-05-12,Indore,Day,2,0,0.0,62.5,0
2025-05-12,Indore,Morning,20,2,10.0,93.3,700
2025-05-12,Indore,Night,8,1,12.5,149.875,350
2025-05-19,Bengaluru,Day,33,6,18.18,117.63636363636364,2100
2025-05-19,Bengaluru,Morning,33,1,3.03,65.45454545454545,350
2025-05-19,Indore,Day,5,1,20.0,99.2,350
2025-05-19,Indore,Morning,10,0,0.0,26.5,0
2025-05-19,Indore,Night,16,3,18.75,130.5,1050
2025-05-26,Bengaluru,Day,28,5,17.86,167.71428571428572,1750
2025-05-26,Bengaluru,Morning,36,4,11.11,97.27777777777777,1400
2025-05-26,Indore,Day,4,0,0.0,258.5,0
2025-05-26,Indore,Morning,8,0,0.0,39.625,0
2025-05-26,Indore,Night,13,1,7.69,88.6923076923077,350
2025-06-02,Bengaluru,Day,25,1,4.0,37.56,350
2025-06-02,Bengaluru,Morning,30,3,10.0,113.66666666666667,1050
2025-06-02,Indore,Day,2,0,0.0,13.5,0
2025-06-02,Indore,Morning,12,1,8.33,42.833333333333336,350
2025-06-02,Indore,Night,14,0,0.0,110.78571428571429,0
2025-06-09,Bengaluru,Day,47,2,4.26,92.8936170212766,700
2025-06-09,Bengaluru,Morning,20,3,15.0,107.5,1050
2025-06-09,Indore,Day,1,0,0.0,3.0,0
2025-06-09,Indore,Morning,11,1,9.09,55.0,350
2025-06-09,Indore,Night,8,0,0.0,71.625,0
2025-06-16,Bengaluru,Day,40,2,5.0,138.1,700
2025-06-16,Bengaluru,Morning,42,1,2.38,84.0,350
2025-06-16,Indore,Day,3,0,0.0,31.666666666666668,0
2025-06-16,Indore,Morning,13,0,0.0,70.07692307692308,0
2025-06-16,Indore,Night,20,4,20.0,120.75,1400
2025-06-23,Bengaluru,Day,39,4,10.26,58.64102564102564,1400
2025-06-23,Bengaluru,Morning,33,5,15.15,106.03030303030303,1750
2025-06-23,Indore,Day,1,0,0.0,114.0,0
2025-06-23,Indore,Morning,12,3,25.0,60.333333333333336,1050
2025-06-23,Indore,Night,9,0,0.0,93.44444444444444,0
2025-06-30,Bengaluru,Day,32,1,3.12,54.25,350
2025-06-30,Bengaluru,Morning,37,15,40.54,231.94594594594594,5250
2025-06-30,Indore,Day,6,1,16.67,103.33333333333333,350
2025-06-30,Indore,Morning,17,11,64.71,252.7058823529412,3850
2025-07-07,Bengaluru,Day,40,1,2.5,75.025,350
2025-07-07,Bengaluru,Morning,40,14,35.0,261.975,4900
2025-07-07,Indore,Day,3,1,33.33,235.0,350
2025-07-07,Indore,Morning,17,9,52.94,242.0,3150
2025-07-14,Bengaluru,Day,41,0,0.0,56.65853658536585,0
2025-07-14,Bengaluru,Morning,40,10,25.0,187.35,3500
2025-07-14,Indore,Day,6,0,0.0,33.833333333333336,0
2025-07-14,Indore,Morning,13,5,38.46,183.76923076923077,1750
2025-07-21,Bengaluru,Day,42,5,11.9,109.07142857142857,1750
2025-07-21,Bengaluru,Morning,47,13,27.66,228.5744680851064,4550
2025-07-21,Indore,Day,13,1,7.69,19.23076923076923,350
2025-07-21,Indore,Morning,22,11,50.0,240.0,3850
2025-07-28,Bengaluru,Day,48,5,10.42,88.58333333333333,1750
2025-07-28,Bengaluru,Morning,56,20,35.71,282.23214285714283,7000
2025-07-28,Indore,Day,12,0,0.0,67.16666666666667,0
2025-07-28,Indore,Morning,20,9,45.0,232.9,3150
2025-08-04,Bengaluru,Day,45,1,2.22,86.55555555555556,350
2025-08-04,Bengaluru,Morning,58,22,37.93,272.36206896551727,7700
2025-08-04,Indore,Day,12,2,16.67,134.33333333333334,700
2025-08-04,Indore,Morning,31,11,35.48,220.51612903225808,3850
2025-08-11,Bengaluru,Day,43,3,6.98,66.11627906976744,1050
2025-08-11,Bengaluru,Morning,68,28,41.18,259.29411764705884,9800
2025-08-11,Indore,Day,9,1,11.11,97.77777777777777,350
2025-08-11,Indore,Morning,36,17,47.22,209.16666666666666,5950
2025-08-18,Bengaluru,Day,48,6,12.5,112.77083333333333,2100
2025-08-18,Bengaluru,Morning,59,21,35.59,273.49152542372883,7350
2025-08-18,Indore,Day,9,3,33.33,222.0,1050
2025-08-18,Indore,Morning,21,8,38.1,252.71428571428572,2800
2025-08-25,Bengaluru,Day,66,6,9.09,143.92424242424244,2100
2025-08-25,Bengaluru,Morning,75,24,32.0,208.05333333333334,8400
2025-08-25,Indore,Day,8,2,25.0,107.0,700
2025-08-25,Indore,Morning,33,14,42.42,179.4848484848485,4900
2025-09-01,Bengaluru,Day,52,6,11.54,83.0576923076923,2100
2025-09-01,Bengaluru,Morning,63,27,42.86,237.44444444444446,9450
2025-09-01,Indore,Day,7,0,0.0,28.142857142857142,0
2025-09-01,Indore,Morning,35,20,57.14,258.14285714285717,7000
2025-09-08,Bengaluru,Day,52,4,7.69,90.98076923076923,1400
2025-09-08,Bengaluru,Morning,79,33,41.77,255.53164556962025,11550
2025-09-08,Indore,Day,14,2,14.29,58.5,700
2025-09-08,Indore,Morning,29,10,34.48,184.06896551724137,3500
2025-09-15,Bengaluru,Day,49,6,12.24,83.46938775510205,2100
2025-09-15,Bengaluru,Morning,66,19,28.79,219.45454545454547,6650
2025-09-15,Indore,Day,17,1,5.88,45.529411764705884,350
2025-09-15,Indore,Morning,21,8,38.1,186.71428571428572,2800
2025-09-22,Bengaluru,Day,45,3,6.67,75.04444444444445,1050
2025-09-22,Bengaluru,Morning,70,19,27.14,211.65714285714284,6650
2025-09-22,Indore,Day,17,4,23.53,49.529411764705884,1400
2025-09-22,Indore,Morning,22,7,31.82,166.86363636363637,2450
2025-09-29,Bengaluru,Day,53,4,7.55,82.9622641509434,1400
2025-09-29,Bengaluru,Morning,73,25,34.25,207.2876712328767,8750
2025-09-29,Indore,Day,9,0,0.0,45.0,0
2025-09-29,Indore,Morning,26,9,34.62,167.30769230769232,3150
2025-10-06,Bengaluru,Day,69,9,13.04,103.6231884057971,3150
2025-10-06,Bengaluru,Morning,76,18,23.68,219.1184210526316,6300
2025-10-06,Indore,Day,12,2,16.67,49.0,700
2025-10-06,Indore,Morning,28,11,39.29,177.07142857142858,3850
2025-10-13,Bengaluru,Day,73,4,5.48,80.24657534246575,1400
2025-10-13,Bengaluru,Morning,87,25,28.74,211.80459770114942,8750
2025-10-13,Indore,Day,19,2,10.53,109.52631578947368,700
2025-10-13,Indore,Morning,34,14,41.18,180.91176470588235,4900
2025-10-20,Bengaluru,Day,61,8,13.11,171.60655737704917,2800
2025-10-20,Bengaluru,Morning,91,29,31.87,239.05494505494505,10150
2025-10-20,Indore,Day,14,1,7.14,86.0,350
2025-10-20,Indore,Morning,45,24,53.33,212.8,8400
2025-10-27,Bengaluru,Day,71,8,11.27,93.26760563380282,2800
2025-10-27,Bengaluru,Morning,80,24,30.0,230.8875,8400
2025-10-27,Indore,Day,14,0,0.0,27.714285714285715,0
2025-10-27,Indore,Morning,35,17,48.57,236.4,5950
2025-11-03,Bengaluru,Day,67,7,10.45,96.5223880597015,2450
2025-11-03,Bengaluru,Morning,90,35,38.89,228.01111111111112,12250
2025-11-03,Indore,Day,8,0,0.0,44.875,0
2025-11-03,Indore,Morning,31,11,35.48,146.25806451612902,3850
2025-11-10,Bengaluru,Day,70,1,1.43,48.371428571428574,350
2025-11-10,Bengaluru,Morning,72,24,33.33,185.47222222222223,8400
2025-11-10,Indore,Day,16,1,6.25,21.125,350
2025-11-10,Indore,Morning,27,8,29.63,144.77777777777777,2800
2025-11-17,Bengaluru,Day,63,4,6.35,68.76190476190476,1400
2025-11-17,Bengaluru,Morning,82,30,36.59,202.8170731707317,10500
2025-11-17,Indore,Day,17,3,17.65,80.70588235294117,1050
2025-11-17,Indore,Morning,36,13,36.11,191.13888888888889,4550
2025-11-24,Bengaluru,Day,84,7,8.33,132.0952380952381,2450
2025-11-24,Bengaluru,Morning,92,37,40.22,236.6195652173913,12950
2025-11-24,Indore,Day,21,1,4.76,42.285714285714285,350
2025-11-24,Indore,Morning,34,16,47.06,222.76470588235293,5600
2025-12-01,Bengaluru,Day,75,7,9.33,117.96,2450
2025-12-01,Bengaluru,Morning,74,31,41.89,279.0810810810811,10850
2025-12-01,Indore,Day,16,2,12.5,115.0625,700
2025-12-01,Indore,Morning,39,18,46.15,241.30769230769232,6300
2025-12-08,Bengaluru,Day,72,7,9.72,81.34722222222223,2450
2025-12-08,Bengaluru,Morning,72,24,33.33,190.70833333333334,8400
2025-12-08,Indore,Day,14,1,7.14,111.14285714285714,350
2025-12-08,Indore,Morning,28,9,32.14,171.71428571428572,3150
2025-12-15,Bengaluru,Day,61,2,3.28,64.22950819672131,700
2025-12-15,Bengaluru,Morning,80,18,22.5,235.55,6300
2025-12-15,Indore,Day,14,2,14.29,59.285714285714285,700
2025-12-15,Indore,Morning,32,11,34.38,145.0,3850
2025-12-22,Bengaluru,Day,58,3,5.17,82.72413793103448,1050
2025-12-22,Bengaluru,Morning,82,29,35.37,252.1341463414634,10150
2025-12-22,Indore,Day,5,0,0.0,64.2,0
2025-12-22,Indore,Morning,33,13,39.39,214.57575757575756,4550
2025-12-29,Bengaluru,Day,71,5,7.04,83.59154929577464,1750
2025-12-29,Bengaluru,Morning,85,34,40.0,267.45882352941175,11900
2025-12-29,Indore,Day,15,3,20.0,45.06666666666667,1050
2025-12-29,Indore,Morning,33,14,42.42,200.8181818181818,4900
2026-01-05,Bengaluru,Day,66,6,9.09,76.68181818181819,2100
2026-01-05,Bengaluru,Morning,70,23,32.86,206.4857142857143,8050
2026-01-05,Indore,Day,9,0,0.0,51.44444444444444,0
2026-01-05,Indore,Morning,37,11,29.73,123.48648648648648,3850
2026-01-12,Bengaluru,Day,74,9,12.16,110.39189189189189,3150
2026-01-12,Bengaluru,Morning,64,23,35.94,248.125,8050
2026-01-12,Indore,Day,10,1,10.0,20.5,350
2026-01-12,Indore,Morning,40,15,37.5,207.4,5250
2026-01-19,Bengaluru,Day,63,4,6.35,89.4920634920635,1400
2026-01-19,Bengaluru,Morning,78,31,39.74,233.67948717948718,10850
2026-01-19,Indore,Day,10,0,0.0,8.7,0
2026-01-19,Indore,Morning,33,16,48.48,214.06060606060606,5600
2026-01-26,Bengaluru,Day,63,7,11.11,112.33333333333333,2450
2026-01-26,Bengaluru,Morning,82,33,40.24,249.0609756097561,11550
2026-01-26,Indore,Day,16,2,12.5,92.6875,700
2026-01-26,Indore,Morning,16,2,12.5,104.3125,700
2026-02-02,Bengaluru,Day,66,10,15.15,95.93939393939394,3500
2026-02-02,Bengaluru,Morning,72,26,36.11,238.375,9100
2026-02-02,Indore,Day,10,1,10.0,62.1,350
2026-02-02,Indore,Morning,28,7,25.0,156.10714285714286,2450
2026-02-09,Bengaluru,Day,70,5,7.14,119.57142857142857,1750
2026-02-09,Bengaluru,Morning,66,20,30.3,231.56060606060606,7000
2026-02-09,Indore,Day,8,1,12.5,178.125,350
2026-02-09,Indore,Morning,25,11,44.0,192.56,3850
2026-02-16,Bengaluru,Day,49,2,4.08,68.93877551020408,700
2026-02-16,Bengaluru,Morning,86,26,30.23,232.1046511627907,9100
2026-02-16,Indore,Day,12,2,16.67,151.75,700
2026-02-16,Indore,Morning,22,7,31.82,132.36363636363637,2450
2026-02-23,Bengaluru,Day,66,3,4.55,76.78787878787878,1050
2026-02-23,Bengaluru,Morning,63,18,28.57,209.87301587301587,6300
2026-02-23,Indore,Day,13,1,7.69,59.61538461538461,350
2026-02-23,Indore,Morning,25,12,48.0,192.72,4200
2026-03-02,Bengaluru,Day,60,7,11.67,74.1,2450
2026-03-02,Bengaluru,Morning,60,15,25.0,197.16666666666666,5250
2026-03-02,Indore,Day,17,0,0.0,12.529411764705882,0
2026-03-02,Indore,Morning,34,23,67.65,275.0,8050
2026-03-09,Bengaluru,Day,68,5,7.35,80.6470588235294,1750
2026-03-09,Bengaluru,Morning,72,33,45.83,372.80555555555554,11550
2026-03-09,Indore,Day,12,0,0.0,26.166666666666668,0
2026-03-09,Indore,Morning,26,13,50.0,211.69230769230768,4550
2026-03-16,Bengaluru,Day,66,5,7.58,92.31818181818181,1750
2026-03-16,Bengaluru,Morning,86,23,26.74,247.40697674418604,8050
2026-03-16,Indore,Day,9,0,0.0,7.888888888888889,0
2026-03-16,Indore,Morning,31,19,61.29,328.96774193548384,6650
2026-03-23,Bengaluru,Day,55,6,10.91,76.0909090909091,2100
2026-03-23,Bengaluru,Morning,69,24,34.78,219.81159420289856,8400
2026-03-23,Indore,Day,17,1,5.88,101.11764705882354,350
2026-03-23,Indore,Morning,24,8,33.33,176.625,2800
2026-03-30,Bengaluru,Day,64,10,15.62,87.40625,3500
2026-03-30,Bengaluru,Morning,77,32,41.56,253.62337662337663,11200
2026-03-30,Indore,Day,13,2,15.38,72.6923076923077,700
2026-03-30,Indore,Morning,18,7,38.89,160.16666666666666,2450
2026-04-06,Bengaluru,Day,52,5,9.62,117.28846153846153,1750
2026-04-06,Bengaluru,Morning,69,26,37.68,253.7826086956522,9100
2026-04-06,Indore,Day,15,1,6.67,73.6,350
2026-04-06,Indore,Morning,22,9,40.91,190.6818181818182,3150
2026-04-13,Bengaluru,Day,65,8,12.31,85.36923076923077,2800
2026-04-13,Bengaluru,Morning,68,23,33.82,234.75,8050
2026-04-13,Indore,Day,14,1,7.14,46.92857142857143,350
2026-04-13,Indore,Morning,26,13,50.0,255.0,4550
2026-04-20,Bengaluru,Day,60,7,11.67,96.68333333333334,2450
2026-04-20,Bengaluru,Morning,71,30,42.25,253.77464788732394,10500
2026-04-20,Indore,Day,7,0,0.0,12.0,0
2026-04-20,Indore,Morning,35,13,37.14,156.11428571428573,4550
2026-04-27,Bengaluru,Day,66,8,12.12,145.1818181818182,2800
2026-04-27,Bengaluru,Morning,71,19,26.76,230.25352112676057,6650
2026-04-27,Indore,Day,13,1,7.69,157.07692307692307,350
2026-04-27,Indore,Morning,31,17,54.84,218.4516129032258,5950
2026-05-04,Bengaluru,Day,52,1,1.92,82.75,350
2026-05-04,Bengaluru,Morning,77,27,35.06,247.72727272727272,9450
2026-05-04,Indore,Day,8,1,12.5,180.125,350
2026-05-04,Indore,Morning,21,6,28.57,208.95238095238096,2100
2026-05-11,Bengaluru,Day,68,7,10.29,114.33823529411765,2450
2026-05-11,Bengaluru,Morning,67,25,37.31,245.91044776119404,8750
2026-05-11,Indore,Day,9,2,22.22,39.55555555555556,700
2026-05-11,Indore,Morning,28,13,46.43,250.03571428571428,4550
2026-05-18,Bengaluru,Day,58,5,8.62,84.63793103448276,1750
2026-05-18,Bengaluru,Morning,76,29,38.16,270.5394736842105,10150
2026-05-18,Indore,Day,18,1,5.56,24.27777777777778,350
2026-05-18,Indore,Morning,26,10,38.46,175.0,3500
2026-05-25,Bengaluru,Day,63,5,7.94,92.42857142857143,1750
2026-05-25,Bengaluru,Morning,71,28,39.44,218.59154929577466,9800
2026-05-25,Indore,Day,7,0,0.0,81.57142857142857,0
2026-05-25,Indore,Morning,16,8,50.0,209.75,2800
2026-06-01,Bengaluru,Day,60,4,6.67,112.6,1400
2026-06-01,Bengaluru,Morning,64,19,29.69,282.34375,6650
2026-06-01,Indore,Day,10,0,0.0,51.9,0
2026-06-01,Indore,Morning,28,13,46.43,210.46428571428572,4550
2026-06-08,Bengaluru,Day,53,3,5.66,91.88679245283019,1050
2026-06-08,Bengaluru,Morning,68,27,39.71,241.5,9450
2026-06-08,Indore,Day,6,1,16.67,11.0,350
2026-06-08,Indore,Morning,36,16,44.44,237.36111111111111,5600
2026-06-15,Bengaluru,Day,59,6,10.17,103.33898305084746,2100
2026-06-15,Bengaluru,Morning,84,22,26.19,188.10714285714286,7700
2026-06-15,Indore,Day,13,0,0.0,43.61538461538461,0
2026-06-15,Indore,Morning,39,18,46.15,201.74358974358975,6300
2026-06-22,Bengaluru,Day,79,6,7.59,96.43037974683544,2100
2026-06-22,Bengaluru,Morning,82,28,34.15,232.3170731707317,9800
2026-06-22,Indore,Day,19,2,10.53,32.10526315789474,700
2026-06-22,Indore,Morning,27,13,48.15,201.7037037037037,4550
2026-06-29,Bengaluru,Day,8,0,0.0,69.75,0
2026-06-29,Bengaluru,Morning,11,1,9.09,126.0,350
2026-06-29,Indore,Day,6,0,0.0,23.5,0
2026-06-29,Indore,Morning,6,2,33.33,245.0,700
